directorate,clean_direct
Direct For Biological Sciences,Directorate for Biological Sciences
Direct For Computer & Info Scie & Enginr,Directorate for Computer & Information Science & Engineering
Direct For Education and Human Resources,Directorate for Education & Human Resources
Direct For Mathematical & Physical Scien,Directorate for Mathematical & Physical Sciences
"Direct For Social, Behav & Economic Scie","Directorate for Social, Behavioral & Economic Sciences"
Directorate for Biological Sciences,Directorate for Biological Sciences
Directorate for Computer & Information Science & Engineering,Directorate for Computer & Information Science & Engineering
Directorate for Education & Human Resources,Directorate for Education & Human Resources
Directorate For Engineering,Directorate for Engineering
Directorate for Engineering,Directorate for Engineering
Directorate For Geosciences,Directorate for Geosciences
Directorate for Geosciences,Directorate for Geosciences
Directorate for Mathematical & Physical Sciences,Directorate for Mathematical & Physical Sciences
"Directorate for Social, Behavioral & Economic Sciences","Directorate for Social, Behavioral & Economic Sciences"
National Coordination Office,National Coordination Office
National Science Board,National Science Board
"Office of Budget, Finance, & Award Management","Office of Budget, Finance, & Award Management"
Office of Information & Resource Management,Office of Information & Resource Management
Office Of Information & Resource Mgmt,Office of Information & Resource Management
Office Of Inspector General,Office Of Inspector General
Office Of The Director,Office Of The Director
